sample,chr01:100000,chr03:105000,chr07:110000,chr01:115000,chr03:120000,chr07:125000,chr01:130000,chr03:135000,chr07:140000,chr01:145000,chr03:150000,chr07:155000,chr01:160000,chr03:165000,chr07:170000
ACC0000,1,1,1,1,1,1,0,1,1,0,0,0,0,1,2
ACC0001,0,0,0,0,1,1,0,1,1,1,0,1,0,0,1
ACC0002,1,2,1,0,0,0,0,1,0,1,0,0,1,1,0
ACC0003,0,2,1,1,2,1,0,1,0,0,0,0,0,0,1
ACC0004,0,1,0,0,2,0,0,1,0,0,0,0,0,0,1
ACC0005,0,1,0,0,0,0,0,2,0,1,0,0,1,0,1
ACC0006,1,1,0,0,1,0,1,1,1,0,1,0,1,0,1
ACC0007,0,0,1,1,1,1,0,1,1,0,0,1,0,0,0
ACC0008,0,0,0,0,1,2,0,0,1,2,1,1,1,0,2
ACC0009,0,0,0,0,1,0,0,2,1,0,0,1,1,0,1
ACC0010,0,0,1,0,0,0,0,1,1,1,0,0,0,0,0
ACC0011,0,1,1,1,1,2,1,1,1,0,0,1,0,0,1
ACC0012,0,2,0,0,0,0,0,1,2,1,0,0,1,0,1
ACC0013,0,0,2,1,2,0,1,2,2,0,0,1,1,0,1
ACC0014,0,1,0,0,1,1,0,1,0,0,0,1,0,0,2
ACC0015,0,2,1,0,1,1,0,0,1,0,0,1,0,1,1
ACC0016,0,0,1,0,2,0,0,0,1,1,1,0,0,0,2
ACC0017,0,1,1,0,2,0,0,2,2,0,0,2,1,1,1
ACC0018,0,1,1,0,0,0,0,1,0,1,1,0,1,0,1
ACC0019,0,0,1,1,1,0,0,1,0,1,0,1,2,0,1
ACC0020,0,0,0,0,1,0,0,1,1,0,0,1,0,0,0
ACC0021,0,0,0,1,2,1,0,0,0,1,0,1,1,0,1
ACC0022,0,1,0,1,0,2,0,0,0,1,0,1,1,0,1
ACC0023,0,0,1,1,1,0,0,1,2,2,0,1,0,0,2
ACC0024,1,0,0,0,1,1,0,1,0,0,0,0,2,1,2
ACC0025,0,1,0,0,1,1,0,0,1,1,0,1,1,0,0
ACC0026,0,0,0,0,2,1,0,1,1,0,0,0,0,0,1
ACC0027,0,2,2,0,1,2,0,2,1,1,0,1,1,0,1
ACC0028,0,2,1,1,0,0,0,2,0,0,0,0,0,0,2
ACC0029,1,0,0,0,1,2,0,1,2,0,0,1,1,1,1
ACC0030,0,1,1,0,1,0,0,0,1,0,1,2,1,0,0
ACC0031,0,0,0,0,2,1,1,1,0,0,1,2,0,1,1
ACC0032,0,1,0,1,1,1,1,1,0,0,0,2,0,0,0
ACC0033,0,1,0,0,1,1,0,1,0,0,0,2,1,1,1
ACC0034,0,1,0,0,0,2,0,2,0,2,0,0,0,1,1
ACC0035,0,2,0,0,1,0,0,0,2,2,0,1,0,0,0
ACC0036,0,0,1,0,0,0,1,1,1,1,0,1,1,0,0
ACC0037,1,1,0,0,1,0,0,0,0,0,2,1,0,0,1
ACC0038,1,1,0,2,1,2,0,1,0,0,0,2,1,0,1
ACC0039,0,1,0,0,1,0,0,1,1,1,1,0,0,0,1
